"common_name","scientific_name","order","family","genus","group_key","group_name","group_note"
"Wood Duck","Aix sponsa","Anseriformes","Anatidae (Ducks, Geese, and Waterfowl)","Aix","nonpass","Non-Passerines","Not a clade -- just ""everything outside Passeriformes."" Kept as one group since splitting it by habitat breaks phylogenetic-sequence order (waterbirds/landbirds are interleaved, not adjacent)."
"Wild Turkey","Meleagris gallopavo","Galliformes","Phasianidae (Pheasants, Grouse, and Allies)","Meleagris","nonpass","Non-Passerines","Not a clade -- just ""everything outside Passeriformes."" Kept as one group since splitting it by habitat breaks phylogenetic-sequence order (waterbirds/landbirds are interleaved, not adjacent)."
"Mourning Dove","Zenaida macroura","Columbiformes","Columbidae (Pigeons and Doves)","Zenaida","nonpass","Non-Passerines","Not a clade -- just ""everything outside Passeriformes."" Kept as one group since splitting it by habitat breaks phylogenetic-sequence order (waterbirds/landbirds are interleaved, not adjacent)."
"Chimney Swift","Chaetura pelagica","Apodiformes","Apodidae (Swifts)","Chaetura","nonpass","Non-Passerines","Not a clade -- just ""everything outside Passeriformes."" Kept as one group since splitting it by habitat breaks phylogenetic-sequence order (waterbirds/landbirds are interleaved, not adjacent)."
"Ruby-throated Hummingbird","Archilochus colubris","Apodiformes","Trochilidae (Hummingbirds)","Archilochus","nonpass","Non-Passerines","Not a clade -- just ""everything outside Passeriformes."" Kept as one group since splitting it by habitat breaks phylogenetic-sequence order (waterbirds/landbirds are interleaved, not adjacent)."
"Double-crested Cormorant","Nannopterum auritum","Suliformes","Phalacrocoracidae (Cormorants and Shags)","Nannopterum","nonpass","Non-Passerines","Not a clade -- just ""everything outside Passeriformes."" Kept as one group since splitting it by habitat breaks phylogenetic-sequence order (waterbirds/landbirds are interleaved, not adjacent)."
"Great Blue Heron","Ardea herodias","Pelecaniformes","Ardeidae (Herons, Egrets, and Bitterns)","Ardea","nonpass","Non-Passerines","Not a clade -- just ""everything outside Passeriformes."" Kept as one group since splitting it by habitat breaks phylogenetic-sequence order (waterbirds/landbirds are interleaved, not adjacent)."
"Turkey Vulture","Cathartes aura","Cathartiformes","Cathartidae (New World Vultures)","Cathartes","corvides","Birds of Prey, Corvids","Not a clade -- just ""everything outside Passeriformes."" Kept as one group since splitting it by habitat breaks phylogenetic-sequence order (waterbirds/landbirds are interleaved, not adjacent)."
"Cooper's Hawk","Astur cooperii","Accipitriformes","Accipitridae (Hawks, Eagles, and Kites)","Astur","corvides","Birds of Prey, Corvids","Not a clade -- just ""everything outside Passeriformes."" Kept as one group since splitting it by habitat breaks phylogenetic-sequence order (waterbirds/landbirds are interleaved, not adjacent)."
"Red-tailed Hawk","Buteo jamaicensis","Accipitriformes","Accipitridae (Hawks, Eagles, and Kites)","Buteo","corvides","Birds of Prey, Corvids","Not a clade -- just ""everything outside Passeriformes."" Kept as one group since splitting it by habitat breaks phylogenetic-sequence order (waterbirds/landbirds are interleaved, not adjacent)."
"Red-bellied Woodpecker","Melanerpes carolinus","Piciformes","Picidae (Woodpeckers)","Melanerpes","nonpass","Non-Passerines","Not a clade -- just ""everything outside Passeriformes."" Kept as one group since splitting it by habitat breaks phylogenetic-sequence order (waterbirds/landbirds are interleaved, not adjacent)."
"Downy Woodpecker","Dryobates pubescens","Piciformes","Picidae (Woodpeckers)","Dryobates","nonpass","Non-Passerines","Not a clade -- just ""everything outside Passeriformes."" Kept as one group since splitting it by habitat breaks phylogenetic-sequence order (waterbirds/landbirds are interleaved, not adjacent)."
"Hairy Woodpecker","Leuconotopicus villosus","Piciformes","Picidae (Woodpeckers)","Leuconotopicus","nonpass","Non-Passerines","Not a clade -- just ""everything outside Passeriformes."" Kept as one group since splitting it by habitat breaks phylogenetic-sequence order (waterbirds/landbirds are interleaved, not adjacent)."
"Northern Flicker","Colaptes auratus","Piciformes","Picidae (Woodpeckers)","Colaptes","nonpass","Non-Passerines","Not a clade -- just ""everything outside Passeriformes."" Kept as one group since splitting it by habitat breaks phylogenetic-sequence order (waterbirds/landbirds are interleaved, not adjacent)."
"Eastern Wood-Pewee","Contopus virens","Passeriformes","Tyrannidae (Tyrant Flycatchers)","Contopus","tyranni","Flycatchers","True clade. Deepest split in the tree: suboscines vs. all other songbirds here."
"Eastern Phoebe","Sayornis phoebe","Passeriformes","Tyrannidae (Tyrant Flycatchers)","Sayornis","tyranni","Flycatchers","True clade. Deepest split in the tree: suboscines vs. all other songbirds here."
"Great Crested Flycatcher","Myiarchus crinitus","Passeriformes","Tyrannidae (Tyrant Flycatchers)","Myiarchus","tyranni","Flycatchers","True clade. Deepest split in the tree: suboscines vs. all other songbirds here."
"Blue-headed Vireo","Vireo solitarius","Passeriformes","Vireonidae (Vireos, Shrike-Babblers, and Erpornis)","Vireo","certh","Tiny Tiny Birds!","True clade (core Corvoidea)."
"Eastern Warbling Vireo","Vireo gilvus","Passeriformes","Vireonidae (Vireos, Shrike-Babblers, and Erpornis)","Vireo","certh","Tiny Tiny Birds!","True clade (core Corvoidea)."
"Red-eyed Vireo","Vireo olivaceus","Passeriformes","Vireonidae (Vireos, Shrike-Babblers, and Erpornis)","Vireo","certh","Tiny Tiny Birds!","True clade (core Corvoidea)."
"Blue Jay","Cyanocitta cristata","Passeriformes","Corvidae (Crows, Jays, and Magpies)","Cyanocitta","corvides","Birds of Prey, Corvids","True clade (core Corvoidea)."
"American Crow","Corvus brachyrhynchos","Passeriformes","Corvidae (Crows, Jays, and Magpies)","Corvus","corvides","Birds of Prey, Corvids","True clade (core Corvoidea)."
"Common Raven","Corvus corax","Passeriformes","Corvidae (Crows, Jays, and Magpies)","Corvus","corvides","Birds of Prey, Corvids","True clade (core Corvoidea)."
"Black-capped Chickadee","Poecile atricapillus","Passeriformes","Paridae (Tits, Chickadees, and Titmice)","Poecile","certh","Tiny Tiny Birds!","Certhioidea is a true clade; Paroidea (chickadee/titmouse) and Sylvioidea (swallow) are merged in for size -- both are early-branching Passerida lineages, not sisters to Certhioidea or to each other. (""Early"" = branches off early in the phylogenetic tree, unrelated to migration timing.)"
"Tufted Titmouse","Baeolophus bicolor","Passeriformes","Paridae (Tits, Chickadees, and Titmice)","Baeolophus","certh","Tiny Tiny Birds!","Certhioidea is a true clade; Paroidea (chickadee/titmouse) and Sylvioidea (swallow) are merged in for size -- both are early-branching Passerida lineages, not sisters to Certhioidea or to each other. (""Early"" = branches off early in the phylogenetic tree, unrelated to migration timing.)"
"Tree Swallow","Tachycineta bicolor","Passeriformes","Hirundinidae (Swallows)","Tachycineta","certh","Tiny Tiny Birds!","Certhioidea is a true clade; Paroidea (chickadee/titmouse) and Sylvioidea (swallow) are merged in for size -- both are early-branching Passerida lineages, not sisters to Certhioidea or to each other. (""Early"" = branches off early in the phylogenetic tree, unrelated to migration timing.)"
"White-breasted Nuthatch","Sitta carolinensis","Passeriformes","Sittidae (Nuthatches)","Sitta","certh","Tiny Tiny Birds!","Certhioidea is a true clade; Paroidea (chickadee/titmouse) and Sylvioidea (swallow) are merged in for size -- both are early-branching Passerida lineages, not sisters to Certhioidea or to each other. (""Early"" = branches off early in the phylogenetic tree, unrelated to migration timing.)"
"Red-breasted Nuthatch","Sitta canadensis","Passeriformes","Sittidae (Nuthatches)","Sitta","certh","Tiny Tiny Birds!","Certhioidea is a true clade; Paroidea (chickadee/titmouse) and Sylvioidea (swallow) are merged in for size -- both are early-branching Passerida lineages, not sisters to Certhioidea or to each other. (""Early"" = branches off early in the phylogenetic tree, unrelated to migration timing.)"
"Brown Creeper","Certhia americana","Passeriformes","Certhiidae (Treecreepers)","Certhia","certh","Tiny Tiny Birds!","Certhioidea is a true clade; Paroidea (chickadee/titmouse) and Sylvioidea (swallow) are merged in for size -- both are early-branching Passerida lineages, not sisters to Certhioidea or to each other. (""Early"" = branches off early in the phylogenetic tree, unrelated to migration timing.)"
"Blue-gray Gnatcatcher","Polioptila caerulea","Passeriformes","Polioptilidae (Gnatcatchers)","Polioptila","certh","Tiny Tiny Birds!","Certhioidea is a true clade; Paroidea (chickadee/titmouse) and Sylvioidea (swallow) are merged in for size -- both are early-branching Passerida lineages, not sisters to Certhioidea or to each other. (""Early"" = branches off early in the phylogenetic tree, unrelated to migration timing.)"
"Northern House Wren","Troglodytes aedon","Passeriformes","Troglodytidae (Wrens)","Troglodytes","certh","Tiny Tiny Birds!","Certhioidea is a true clade; Paroidea (chickadee/titmouse) and Sylvioidea (swallow) are merged in for size -- both are early-branching Passerida lineages, not sisters to Certhioidea or to each other. (""Early"" = branches off early in the phylogenetic tree, unrelated to migration timing.)"
"Carolina Wren","Thryothorus ludovicianus","Passeriformes","Troglodytidae (Wrens)","Thryothorus","certh","Tiny Tiny Birds!","Certhioidea is a true clade; Paroidea (chickadee/titmouse) and Sylvioidea (swallow) are merged in for size -- both are early-branching Passerida lineages, not sisters to Certhioidea or to each other. (""Early"" = branches off early in the phylogenetic tree, unrelated to migration timing.)"
"European Starling","Sturnus vulgaris","Passeriformes","Sturnidae (Starlings)","Sturnus","musci","Catbird, Thrushes, Waxwings","True clade."
"Gray Catbird","Dumetella carolinensis","Passeriformes","Mimidae (Mockingbirds and Thrashers)","Dumetella","musci","Catbird, Thrushes, Waxwings","True clade."
"Northern Mockingbird","Mimus polyglottos","Passeriformes","Mimidae (Mockingbirds and Thrashers)","Mimus","musci","Catbird, Thrushes, Waxwings","True clade."
"Eastern Bluebird","Sialia sialis","Passeriformes","Turdidae (Thrushes and Allies)","Sialia","musci","Catbird, Thrushes, Waxwings","True clade."
"Swainson's Thrush","Catharus ustulatus","Passeriformes","Turdidae (Thrushes and Allies)","Catharus","musci","Catbird, Thrushes, Waxwings","True clade."
"Wood Thrush","Hylocichla mustelina","Passeriformes","Turdidae (Thrushes and Allies)","Hylocichla","musci","Catbird, Thrushes, Waxwings","True clade."
"American Robin","Turdus migratorius","Passeriformes","Turdidae (Thrushes and Allies)","Turdus","musci","Catbird, Thrushes, Waxwings","True clade."
"Cedar Waxwing","Bombycilla cedrorum","Passeriformes","Bombycillidae (Waxwings)","Bombycilla","musci","Catbird, Thrushes, Waxwings","True clade."
"House Finch","Haemorhous mexicanus","Passeriformes","Fringillidae (Finches, Euphonias, and Allies)","Haemorhous","finch_sparrow","Finches, Sparrows","Fringillidae + Passerellidae -- Fringillidae actually branches off earlier (sister to the whole New World 9-primaried radiation), paired here mainly for size."
"American Goldfinch","Spinus tristis","Passeriformes","Fringillidae (Finches, Euphonias, and Allies)","Spinus","finch_sparrow","Finches, Sparrows","Fringillidae + Passerellidae -- Fringillidae actually branches off earlier (sister to the whole New World 9-primaried radiation), paired here mainly for size."
"Chipping Sparrow","Spizella passerina","Passeriformes","Passerellidae (New World Sparrows)","Spizella","finch_sparrow","Finches, Sparrows","Fringillidae + Passerellidae -- Fringillidae actually branches off earlier (sister to the whole New World 9-primaried radiation), paired here mainly for size."
"White-throated Sparrow","Zonotrichia albicollis","Passeriformes","Passerellidae (New World Sparrows)","Zonotrichia","finch_sparrow","Finches, Sparrows","Fringillidae + Passerellidae -- Fringillidae actually branches off earlier (sister to the whole New World 9-primaried radiation), paired here mainly for size."
"Savannah Sparrow","Passerculus sandwichensis","Passeriformes","Passerellidae (New World Sparrows)","Passerculus","finch_sparrow","Finches, Sparrows","Fringillidae + Passerellidae -- Fringillidae actually branches off earlier (sister to the whole New World 9-primaried radiation), paired here mainly for size."
"Song Sparrow","Melospiza melodia","Passeriformes","Passerellidae (New World Sparrows)","Melospiza","finch_sparrow","Finches, Sparrows","Fringillidae + Passerellidae -- Fringillidae actually branches off earlier (sister to the whole New World 9-primaried radiation), paired here mainly for size."
"Lincoln's Sparrow","Melospiza lincolnii","Passeriformes","Passerellidae (New World Sparrows)","Melospiza","finch_sparrow","Finches, Sparrows","Fringillidae + Passerellidae -- Fringillidae actually branches off earlier (sister to the whole New World 9-primaried radiation), paired here mainly for size."
"Baltimore Oriole","Icterus galbula","Passeriformes","Icteridae (Troupials and Allies)","Icterus","troupials_cardinals","Orioles, Blackbirds, Tanagers","Icteridae + Cardinalidae -- both in the New World 9-primaried radiation alongside the warblers, which sit between them in phylogenetic sequence. Renders as 2 separate bands in the chart (not adjacent), tied together only by color/legend."
"Red-winged Blackbird","Agelaius phoeniceus","Passeriformes","Icteridae (Troupials and Allies)","Agelaius","troupials_cardinals","Orioles, Blackbirds, Tanagers","Icteridae + Cardinalidae -- both in the New World 9-primaried radiation alongside the warblers, which sit between them in phylogenetic sequence. Renders as 2 separate bands in the chart (not adjacent), tied together only by color/legend."
"Brown-headed Cowbird","Molothrus ater","Passeriformes","Icteridae (Troupials and Allies)","Molothrus","troupials_cardinals","Orioles, Blackbirds, Tanagers","Icteridae + Cardinalidae -- both in the New World 9-primaried radiation alongside the warblers, which sit between them in phylogenetic sequence. Renders as 2 separate bands in the chart (not adjacent), tied together only by color/legend."
"Common Grackle","Quiscalus quiscula","Passeriformes","Icteridae (Troupials and Allies)","Quiscalus","troupials_cardinals","Orioles, Blackbirds, Tanagers","Icteridae + Cardinalidae -- both in the New World 9-primaried radiation alongside the warblers, which sit between them in phylogenetic sequence. Renders as 2 separate bands in the chart (not adjacent), tied together only by color/legend."
"Ovenbird","Seiurus aurocapilla","Passeriformes","Parulidae (New World Warblers)","Seiurus","warblers","Warblers","Real clade, kept fully intact -- no size-based splitting."
"Black-and-white Warbler","Mniotilta varia","Passeriformes","Parulidae (New World Warblers)","Mniotilta","warblers","Warblers","Real clade, kept fully intact -- no size-based splitting."
"Common Yellowthroat","Geothlypis trichas","Passeriformes","Parulidae (New World Warblers)","Geothlypis","warblers","Warblers","Real clade, kept fully intact -- no size-based splitting."
"American Redstart","Setophaga ruticilla","Passeriformes","Parulidae (New World Warblers)","Setophaga","warblers","Warblers","Real clade, kept fully intact -- no size-based splitting."
"Cape May Warbler","Setophaga tigrina","Passeriformes","Parulidae (New World Warblers)","Setophaga","warblers","Warblers","Real clade, kept fully intact -- no size-based splitting."
"Northern Parula","Setophaga americana","Passeriformes","Parulidae (New World Warblers)","Setophaga","warblers","Warblers","Real clade, kept fully intact -- no size-based splitting."
"Magnolia Warbler","Setophaga magnolia","Passeriformes","Parulidae (New World Warblers)","Setophaga","warblers","Warblers","Real clade, kept fully intact -- no size-based splitting."
"Bay-breasted Warbler","Setophaga castanea","Passeriformes","Parulidae (New World Warblers)","Setophaga","warblers","Warblers","Real clade, kept fully intact -- no size-based splitting."
"Blackburnian Warbler","Setophaga fusca","Passeriformes","Parulidae (New World Warblers)","Setophaga","warblers","Warblers","Real clade, kept fully intact -- no size-based splitting."
"Northern Yellow Warbler","Setophaga aestiva","Passeriformes","Parulidae (New World Warblers)","Setophaga","warblers","Warblers","Real clade, kept fully intact -- no size-based splitting."
"Chestnut-sided Warbler","Setophaga pensylvanica","Passeriformes","Parulidae (New World Warblers)","Setophaga","warblers","Warblers","Real clade, kept fully intact -- no size-based splitting."
"Blackpoll Warbler","Setophaga striata","Passeriformes","Parulidae (New World Warblers)","Setophaga","warblers","Warblers","Real clade, kept fully intact -- no size-based splitting."
"Black-throated Blue Warbler","Setophaga caerulescens","Passeriformes","Parulidae (New World Warblers)","Setophaga","warblers","Warblers","Real clade, kept fully intact -- no size-based splitting."
"Pine Warbler","Setophaga pinus","Passeriformes","Parulidae (New World Warblers)","Setophaga","warblers","Warblers","Real clade, kept fully intact -- no size-based splitting."
"Yellow-rumped Warbler","Setophaga coronata","Passeriformes","Parulidae (New World Warblers)","Setophaga","warblers","Warblers","Real clade, kept fully intact -- no size-based splitting."
"Black-throated Green Warbler","Setophaga virens","Passeriformes","Parulidae (New World Warblers)","Setophaga","warblers","Warblers","Real clade, kept fully intact -- no size-based splitting."
"Canada Warbler","Cardellina canadensis","Passeriformes","Parulidae (New World Warblers)","Cardellina","warblers","Warblers","Real clade, kept fully intact -- no size-based splitting."
"Scarlet Tanager","Piranga olivacea","Passeriformes","Cardinalidae (Cardinals and Allies)","Piranga","troupials_cardinals","Orioles, Blackbirds, Tanagers","Icteridae + Cardinalidae -- both in the New World 9-primaried radiation alongside the warblers, which sit between them in phylogenetic sequence. Renders as 2 separate bands in the chart (not adjacent), tied together only by color/legend."
"Northern Cardinal","Cardinalis cardinalis","Passeriformes","Cardinalidae (Cardinals and Allies)","Cardinalis","troupials_cardinals","Orioles, Blackbirds, Tanagers","Icteridae + Cardinalidae -- both in the New World 9-primaried radiation alongside the warblers, which sit between them in phylogenetic sequence. Renders as 2 separate bands in the chart (not adjacent), tied together only by color/legend."
"Rose-breasted Grosbeak","Pheucticus ludovicianus","Passeriformes","Cardinalidae (Cardinals and Allies)","Pheucticus","troupials_cardinals","Orioles, Blackbirds, Tanagers","Icteridae + Cardinalidae -- both in the New World 9-primaried radiation alongside the warblers, which sit between them in phylogenetic sequence. Renders as 2 separate bands in the chart (not adjacent), tied together only by color/legend."
"Indigo Bunting","Passerina cyanea","Passeriformes","Cardinalidae (Cardinals and Allies)","Passerina","troupials_cardinals","Orioles, Blackbirds, Tanagers","Icteridae + Cardinalidae -- both in the New World 9-primaried radiation alongside the warblers, which sit between them in phylogenetic sequence. Renders as 2 separate bands in the chart (not adjacent), tied together only by color/legend."
